,0
0,CJ제일제당
1,CS홀딩스
2,DB
3,DB금융투자
4,DB손해보험
5,DB하이텍
6,DGB금융지주
7,DL
8,DL건설
9,DL이앤씨
10,DN오토모티브
11,DRB동일
12,DSR
13,DSR제강
14,E1
15,ESR켄달스퀘어리츠
16,F&F
17,F&F 홀딩스
18,GKL
19,GS
20,GS건설
21,GS글로벌
22,GS리테일
23,HDC
24,HDC랩스
25,HDC현대EP
26,HDC현대산업개발
27,HD현대
28,HJ중공업
29,HL D&I
30,HLB글로벌
31,HL만도
32,HL홀딩스
33,HMM
34,HSD엔진
35,JB금융지주
36,JW생명과학
37,JW중외제약
38,JW홀딩스
39,KB금융
40,KC그린홀딩스
41,KC코트렐
42,KEC
43,KG스틸
44,KG케미칼
45,KH 필룩스
46,KISCO홀딩스
47,KPX케미칼
48,KPX홀딩스
49,KR모터스
50,KSS해운
51,KTcs
52,KTis
53,LF
54,LG
55,LG디스플레이
56,LG생활건강
57,LG에너지솔루션
58,LG유플러스
59,LG이노텍
60,LG전자
61,LG헬로비전
62,LG화학
63,LIG넥스원
64,LS
65,LS네트웍스
66,LS전선아시아
67,LX세미콘
68,LX인터내셔널
69,LX하우시스
70,LX홀딩스
71,MH에탄올
72,NAVER
73,NH투자증권
74,NICE
75,NI스틸
76,OCI
77,PI첨단소재
78,POSCO홀딩스
79,S-Oil
80,SBS
81,SGC에너지
82,SG글로벌
83,SG세계물산
84,SHD
85,SH에너지화학
86,SIMPAC
87,SK
88,SKC
89,SK가스
90,SK네트웍스
91,SK디스커버리
92,SK디앤디
93,SK렌터카
94,SK바이오사이언스
95,SK스퀘어
96,SK아이이테크놀로지
97,SK이노베이션
98,SK증권
99,SK케미칼
100,SK텔레콤
101,SK하이닉스
102,SNT다이내믹스
103,SNT모티브
104,SNT에너지
105,SNT홀딩스
106,SPC삼립
107,STX
108,STX엔진
109,STX중공업
110,SUN&L
111,TCC스틸
112,TYM
113,WISCOM
114,YG PLUS
115,가온전선
116,강남제비스코
117,강원랜드
118,갤럭시아에스엠
119,경농
120,경동나비엔
121,경동도시가스
122,경동인베스트
123,경방
124,경보제약
125,경인양행
126,경인전자
127,계룡건설산업
128,계양전기
129,고려산업
130,고려아연
131,고려제강
132,광동제약
133,광명전기
134,광전자
135,광주신세계
136,교보증권
137,교촌에프앤비
138,국도화학
139,국동
140,국보
141,국제약품
142,그린케미칼
143,극동유화
144,금강공업
145,금비
146,금양
147,금호건설
148,금호석유화학
149,금호에이치티
150,금호전기
151,금호타이어
152,기신정기
153,기아
154,기업은행
155,까뮤이앤씨
156,깨끗한나라
157,남광토건
158,남선알미늄
159,남성
160,남양유업
161,남해화학
162,넥센
163,넥센타이어
164,넷마블
165,노루페인트
166,노루홀딩스
167,녹십자
168,녹십자홀딩스
169,농심
170,농심홀딩스
171,다스코
172,다올투자증권
173,다우기술
174,다이나믹디자인
175,대교
176,대구백화점
177,대덕
178,대덕전자
179,대동
180,대동전자
181,대림비앤코
182,대림통상
183,대상
184,대상홀딩스
185,대성산업
186,대성에너지
187,대성홀딩스
188,대신증권
189,대양금속
190,대영포장
191,대우건설
192,대우부품
193,대우조선해양
194,대웅
195,대웅제약
196,대원강업
197,대원전선
198,대원제약
199,대원화성
200,대유에이텍
201,대유플러스
202,대창
203,대창단조
204,대한방직
205,대한유화
206,대한전선
207,대한제강
208,대한제당
209,대한제분
210,대한항공
211,대한해운
212,대한화섬
213,대현
214,대호에이엘
215,더블유게임즈
216,더존비즈온
217,덕성
218,덕양산업
219,덴티움
220,도화엔지니어링
221,동국제강
222,동남합성
223,동방
224,동방아그로
225,동부건설
226,동서
227,동성제약
228,동성케미컬
229,동아쏘시오홀딩스
230,동아에스티
231,동아지질
232,동아타이어
233,동양
234,동양고속
235,동양생명
236,동양철관
237,동양피스톤
238,동원F&B
239,동원금속
240,동원산업
241,동원수산
242,동원시스템즈
243,동일고무벨트
244,동일산업
245,동일제강
246,동화약품
247,두산
248,두산밥캣
249,두산에너빌리티
250,두산퓨얼셀
251,두올
252,드림텍
253,디씨엠
254,디아이
255,디아이동일
256,디아이씨
257,디와이
258,디와이파워
259,락앤락
260,롯데관광개발
261,롯데손해보험
262,롯데쇼핑
263,롯데정밀화학
264,롯데정보통신
265,롯데제과
266,롯데지주
267,롯데칠성음료
268,롯데케미칼
269,롯데푸드
270,롯데하이마트
271,마니커
272,만호제강
273,맵스리얼티1
274,메리츠금융지주
275,메리츠증권
276,메리츠화재
277,메타랩스
278,명문제약
279,명신산업
280,모나리자
281,모나미
282,모토닉
283,무림P&P
284,무림페이퍼
285,무학
286,문배철강
287,미래산업
288,미래아이앤지
289,미래에셋생명
290,미래에셋증권
291,미원상사
292,미원에스씨
293,미원홀딩스
294,미원화학
295,미창석유공업
296,방림
297,백광산업
298,백산
299,범양건영
300,벽산
301,보락
302,보령
303,보해양조
304,부광약품
305,부국증권
306,부국철강
307,부산산업
308,부산주공
309,비비안
310,비상교육
311,비케이탑스
312,빙그레
313,사조대림
314,사조동아원
315,사조산업
316,사조씨푸드
317,사조오양
318,삼부토건
319,삼성SDI
320,삼성공조
321,삼성물산
322,삼성바이오로직스
323,삼성생명
324,삼성에스디에스
325,삼성엔지니어링
326,삼성전기
327,삼성전자
328,삼성제약
329,삼성중공업
330,삼성증권
331,삼성출판사
332,삼성카드
333,삼성화재해상보험
334,삼아알미늄
335,삼양사
336,삼양식품
337,삼양통상
338,삼양패키징
339,삼양홀딩스
340,삼영무역
341,삼영전자공업
342,삼영화학공업
343,삼원강재
344,삼익THK
345,삼익악기
346,삼일씨엔에스
347,삼일제약
348,삼정펄프
349,삼진제약
350,삼천리
351,삼호개발
352,삼화왕관
353,삼화전기
354,삼화전자공업
355,삼화콘덴서공업
356,삼화페인트공업
357,상상인증권
358,상신브레이크
359,새론오토모티브
360,샘표
361,샘표식품
362,서연
363,서연이화
364,서울도시가스
365,서울식품공업
366,서원
367,서흥
368,선도전기
369,선진
370,성문전자
371,성보화학
372,성신양회
373,성안
374,성창기업지주
375,세기상사
376,세방
377,세방전지
378,세아베스틸지주
379,세아제강
380,세아제강지주
381,세아특수강
382,세아홀딩스
383,세우글로벌
384,세원이앤씨
385,세원정공
386,세이브존I&C
387,세종공업
388,세진중공업
389,세하
390,센트랄모텍
391,셀트리온
392,솔루스첨단소재
393,솔루엠
394,송원산업
395,수산중공업
396,스틱인베스트먼트
397,시디즈
398,신대양제지
399,신도리코
400,신라교역
401,신성이엔지
402,신성통상
403,신세계
404,신세계I&C
405,신세계건설
406,신세계인터내셔날
407,신세계푸드
408,신송홀딩스
409,신영와코루
410,신영증권
411,신원
412,신일전자
413,신풍
414,신풍제약
415,신한지주
416,신흥
417,쌍방울
418,쌍용씨앤이
419,쌍용자동차
420,써니전자
421,쎌마테라퓨틱스
422,씨아이테크
423,씨에스윈드
424,아남전자
425,아모레퍼시픽
426,아모레퍼시픽그룹
427,아세아
428,아세아시멘트
429,아세아제지
430,아센디오
431,아시아나IDT
432,아시아나항공
433,아이마켓코리아
434,아이에스동서
435,아이에이치큐
436,알루코
437,애경산업
438,애경케미칼
439,에넥스
440,에스디바이오센서
441,에스엘
442,에스엠벡셀
443,에스원
444,에스제이엠
445,에스제이엠홀딩스
446,에스케이바이오팜
447,에쓰씨엔지니어링
448,에어부산
449,에이블씨엔씨
450,에이엔피
451,에이프로젠
452,에이프로젠바이오로직스
453,에이플러스에셋
454,엔씨소프트
455,엔에이치엔
456,엔케이
457,엔피씨
458,엘브이엠씨
459,엘에스일렉트릭
460,엠씨넥스
461,영보화학
462,영원무역
463,영원무역홀딩스
464,영진약품
465,영풍
466,영풍제지
467,영화금속
468,영흥
469,예스코홀딩스
470,오뚜기
471,오리엔트바이오
472,오리온
473,오리온홀딩스
474,와이투솔루션
475,용평리조트
476,우리금융지주
477,우리종금
478,우성
479,우신시스템
480,우진
481,우진아이엔에스
482,우진플라임
483,웅진
484,웅진씽크빅
485,원림
486,웰바이오텍
487,윌비스
488,유나이티드
489,유니드
490,유니온
491,유니온머티리얼
492,유니켐
493,유니퀘스트
494,유성기업
495,유수홀딩스
496,유안타증권
497,유엔젤
498,유유제약
499,유진증권
500,유한양행
501,유화증권
502,율촌화학
503,이건산업
504,이구산업
505,이노션
506,이마트
507,이수페타시스
508,이수화학
509,이스타코
510,이아이디
511,이엔플러스
512,이연제약
513,이월드
514,이화산업
515,인디에프
516,인바이오젠
517,인스코비
518,인지컨트롤스
519,인천도시가스
520,인터지스
521,인팩
522,일동제약
523,일동홀딩스
524,일성건설
525,일성신약
526,일신방직
527,일신석재
528,일양약품
529,일정실업
530,일진다이아
531,일진디스플
532,일진머티리얼즈
533,일진전기
534,일진하이솔루스
535,일진홀딩스
536,잇츠한불
537,자이에스앤디
538,자화전자
539,전방
540,제이에스코퍼레이션
541,제이준코스메틱
542,제일기획
543,제일약품
544,제일연마
545,제일파마홀딩스
546,제주은행
547,제주항공
548,조광페인트
549,조광피혁
550,조비
551,조선내화
552,조선선재
553,조일알미늄
554,조흥
555,종근당
556,종근당바이오
557,종근당홀딩스
558,주연테크
559,지누스
560,지엠비코리아
561,지역난방공사
562,지투알
563,진도
564,진양산업
565,진양폴리우레탄
566,진양홀딩스
567,진양화학
568,진에어
569,진원생명과학
570,진흥기업
571,참엔지니어링
572,천일고속
573,청호ICT
574,체시스
575,초록뱀헬스케어
576,카카오
577,카카오뱅크
578,카카오페이
579,카프로
580,컨버즈
581,케이비아이동국실업
582,케이씨
583,케이씨씨
584,케이씨씨글라스
585,케이씨텍
586,케이씨티시
587,케이카
588,케이티
589,케이티스카이라이프
590,케이티앤지
591,코리아써키트
592,코리안리
593,코스맥스
594,코스맥스비티아이
595,코스모신소재
596,코스모화학
597,코아스
598,코오롱
599,코오롱글로벌
600,코오롱인더
601,코오롱플라스틱
602,코웨이
603,콘텐트리중앙
604,콤텍시스템
605,쿠쿠홀딩스
606,쿠쿠홈시스
607,큐로
608,크라운제과
609,크라운해태홀딩스
610,크래프톤
611,키다리스튜디오
612,키움증권
613,태경비케이
614,태경산업
615,태경케미컬
616,태광산업
617,태림포장
618,태양금속공업
619,태영건설
620,태원물산
621,태평양물산
622,테이팩스
623,텔코웨어
624,토니모리
625,티비에이치글로벌
626,티에이치엔
627,티와이홀딩스
628,티웨이항공
629,티웨이홀딩스
630,티케이지휴켐스
631,파미셀
632,팜스코
633,팜젠사이언스
634,팬오션
635,퍼스텍
636,퍼시스
637,페이퍼코리아
638,평화산업
639,평화홀딩스
640,포스코스틸리온
641,포스코인터내셔널
642,포스코케미칼
643,풀무원
644,풍산
645,풍산홀딩스
646,플레이그램
647,하나금융지주
648,하나제약
649,하나투어
650,하이브
651,하이스틸
652,하이트론씨스템즈
653,하이트진로
654,하이트진로홀딩스
655,한국가스공사
656,한국공항
657,한국금융지주
658,한국내화
659,한국단자공업
660,한국석유공업
661,한국수출포장공업
662,한국쉘석유
663,한국앤컴퍼니
664,한국자산신탁
665,한국전력공사
666,한국전자홀딩스
667,한국조선해양
668,한국종합기술
669,한국주강
670,한국주철관공업
671,한국철강
672,한국카본
673,한국콜마
674,한국콜마홀딩스
675,한국타이어앤테크놀로지
676,한국토지신탁
677,한국특강
678,한국프랜지공업
679,한국항공우주
680,한국화장품
681,한국화장품제조
682,한농화성
683,한독
684,한미글로벌
685,한미반도체
686,한미사이언스
687,한미약품
688,한샘
689,한섬
690,한성기업
691,한세실업
692,한세엠케이
693,한세예스24홀딩스
694,한솔로지스틱스
695,한솔제지
696,한솔케미칼
697,한솔테크닉스
698,한솔피엔에스
699,한솔홀딩스
700,한솔홈데코
701,한신공영
702,한신기계공업
703,한양증권
704,한온시스템
705,한올바이오파마
706,한익스프레스
707,한일시멘트
708,한일철강
709,한일현대시멘트
710,한일홀딩스
711,한전KPS
712,한전기술
713,한전산업
714,한진
715,한진중공업홀딩스
716,한진칼
717,한창
718,한창제지
719,한화
720,한화생명
721,한화손해보험
722,한화솔루션
723,한화시스템
724,한화에어로스페이스
725,한화투자증권
726,해성디에스
727,해태제과식품
728,핸즈코퍼레이션
729,현대건설
730,현대건설기계
731,현대그린푸드
732,현대글로비스
733,현대두산인프라코어
734,현대로템
735,현대리바트
736,현대모비스
737,현대미포조선
738,현대백화점
739,현대비앤지스틸
740,현대약품
741,현대에너지솔루션
742,현대엘리베이터
743,현대오토에버
744,현대위아
745,현대일렉트릭
746,현대자동차
747,현대제철
748,현대중공업
749,현대차증권
750,현대코퍼레이션
751,현대코퍼레이션홀딩스
752,현대퓨처넷
753,현대해상
754,현대홈쇼핑
755,형지엘리트
756,혜인
757,호전실업
758,호텔신라
759,화성산업
760,화승엔터프라이즈
761,화승인더스트리
762,화승코퍼레이션
763,화신
764,화인베스틸
765,화천기계
766,화천기공
767,환인제약
768,황금에스티
769,효성
770,효성 ITX
771,효성중공업
772,효성첨단소재
773,효성티앤씨
774,효성화학
775,후성
776,휠라홀딩스
777,휴니드테크놀러지스
778,휴비스
779,휴스틸
780,흥국화재
781,흥아해운
782,흥국화재
783,흥아해운
